{
	"partitions" : [
		{
			"name" : "Top",
			"pins" : [
				{
					"name" : "b0",
					"strict" : false
				},
				{
					"name" : "b1",
					"strict" : false
				},
				{
					"name" : "b2",
					"strict" : false
				},
				{
					"name" : "b3",
					"strict" : false
				},
				{
					"name" : "d1",
					"strict" : false
				},
				{
					"name" : "d5",
					"strict" : false
				},
				{
					"name" : "d9",
					"strict" : false
				},
				{
					"name" : "d3",
					"strict" : false
				},
				{
					"name" : "d7",
					"strict" : false
				},
				{
					"name" : "d11",
					"strict" : false
				},
				{
					"name" : "d2",
					"strict" : false
				},
				{
					"name" : "d6",
					"strict" : false
				},
				{
					"name" : "d10",
					"strict" : false
				},
				{
					"name" : "d4",
					"strict" : false
				},
				{
					"name" : "d8",
					"strict" : false
				}
			]
		}
	]
}