{
	"partitions" : [
		{
			"name" : "Top",
			"pins" : [
				{
					"name" : "Dout[3]",
					"strict" : false
				},
				{
					"name" : "Dout[2]",
					"strict" : false
				},
				{
					"name" : "Dout[1]",
					"strict" : false
				},
				{
					"name" : "Dout[0]",
					"strict" : false
				},
				{
					"name" : "RW",
					"strict" : false
				},
				{
					"name" : "out_init[3]",
					"strict" : false
				},
				{
					"name" : "address[1]",
					"strict" : false
				},
				{
					"name" : "address[0]",
					"strict" : false
				},
				{
					"name" : "out_init[2]",
					"strict" : false
				},
				{
					"name" : "out_init[1]",
					"strict" : false
				},
				{
					"name" : "out_init[0]",
					"strict" : false
				},
				{
					"name" : "Din[3]",
					"strict" : false
				},
				{
					"name" : "clk",
					"strict" : false
				},
				{
					"name" : "rst_n",
					"strict" : false
				},
				{
					"name" : "Din[2]",
					"strict" : false
				},
				{
					"name" : "Din[1]",
					"strict" : false
				},
				{
					"name" : "Din[0]",
					"strict" : false
				}
			]
		}
	]
}