{
	"partitions" : [
		{
			"name" : "Top",
			"pins" : [
				{
					"name" : "B0",
					"strict" : false
				},
				{
					"name" : "B1",
					"strict" : false
				},
				{
					"name" : "B2",
					"strict" : false
				},
				{
					"name" : "B3",
					"strict" : false
				},
				{
					"name" : "A0",
					"strict" : false
				},
				{
					"name" : "A1",
					"strict" : false
				},
				{
					"name" : "A2",
					"strict" : false
				},
				{
					"name" : "A3",
					"strict" : false
				},
				{
					"name" : "Clk",
					"strict" : false
				},
				{
					"name" : "RST_N",
					"strict" : false
				},
				{
					"name" : "Ce",
					"strict" : false
				},
				{
					"name" : "Din0",
					"strict" : false
				},
				{
					"name" : "Din1",
					"strict" : false
				},
				{
					"name" : "Din2",
					"strict" : false
				},
				{
					"name" : "Din3",
					"strict" : false
				}
			]
		}
	]
}