{
	"system" : {
		"platform" : "windows64",
		"os_name" : "Windows 10",
		"os_version" : "10.0"
	},
	"error" : {
		"executable" : "quartus",
		"comment" : "not_applicable",
		"error_message" : "glyph != NULL",
		"source_file" : "/quartus/edt/wedtq/wedtq_select_object.cpp",
		"line" : "95",
		"stack_trace" : "\t0x7ffb92569403: edt_wedtq + 0x79403 (?add_glyph@WEDTQ_SELECT_OBJECT@@QEAAXPEAVWEDTQ_GLYPH@@@Z + 0x33)\n\t0x7ffb92539aae: edt_wedtq + 0x49aae (?on_selection_changed@WEDTQ_NODE_VIEW@@IEAAXAEBVQItemSelection@@0@Z + 0x1be)\n\t 0x6435d1f0: QtCore4 + 0x11d1f0 (?activate@QMetaObject@@SAXPEAVQObject@@PEBU1@HPEAPEAX@Z + 0x520)\n\t 0x649e6a21: QtGui4 + 0x4b6a21 (?emitSelectionChanged@QItemSelectionModel@@IEAAXAEBVQItemSelection@@0@Z + 0x5c1)\n\t 0x649e972f: QtGui4 + 0x4b972f (?select@QItemSelectionModel@@UEAAXAEBVQItemSelection@@V?$QFlags@W4SelectionFlag@QItemSelectionModel@@@@@Z + 0x3cf)\n\t0x7ffb9253a698: edt_wedtq + 0x4a698 (?rearrange_model_rows@WEDTQ_NODE_VIEW@@QEAAXHV?$QList@H@@@Z + 0x468)\n\t0x7ffb9253ade8: edt_wedtq + 0x4ade8 (?rearrange_rows@WEDTQ_NODE_VIEW@@QEAAXHV?$QList@H@@@Z + 0x678)\n\t0x7ffb92537a15: edt_wedtq + 0x47a15 (?dropEvent@WEDTQ_NODE_VIEW@@MEAAXPEAVQDropEvent@@@Z + 0x1d5)\n\t 0x645922c2: QtGui4 + 0x622c2 (?event@QWidget@@MEAA_NPEAVQEvent@@@Z + 0x5d2)\n\t 0x648b54e6: QtGui4 + 0x3854e6 (?event@QFrame@@MEAA_NPEAVQEvent@@@Z + 0x36)\n\t 0x649a87ec: QtGui4 + 0x4787ec (?viewportEvent@QAbstractItemView@@MEAA_NPEAVQEvent@@@Z + 0x4ac)\n\t0x7ffb71fc4d76: GCL_AFCQ + 0xb4d76 (?viewportEvent@AFCQ_TREE_VIEW@@MEAA_NPEAVQEvent@@@Z + 0x2b6)\n\t 0x64350552: QtCore4 + 0x110552 (?sendThroughObjectEventFilters@QCoreApplicationPrivate@@QEAA_NPEAVQObject@@PEAVQEvent@@@Z + 0x82)\n\t 0x64552f81: QtGui4 + 0x22f81 (?notify_helper@QApplicationPrivate@@QEAA_NPEAVQObject@@PEAVQEvent@@@Z + 0xe1)\n\t 0x645523fd: QtGui4 + 0x223fd (?notify@QApplication@@UEAA_NPEAVQObject@@PEAVQEvent@@@Z + 0xf8d)\n\t 0x6434e67b: QtCore4 + 0x10e67b (?notifyInternal@QCoreApplication@@AEAA_NPEAVQObject@@PEAVQEvent@@@Z + 0x7b)\n\t 0x645bd833: QtGui4 + 0x8d833 (?screenNumber@QDesktopWidget@@QEBAHPEBVQWidget@@@Z + 0xc63)\n\t0x7ffbd52bbae7: ole32 + 0xcbae7 (RevokeActiveObjectExt + 0xcef7)\n\t0x7ffbd52bb98b: ole32 + 0xcb98b (RevokeActiveObjectExt + 0xcd9b)\n\t0x7ffbd5279178: ole32 + 0x89178 (OleGetPackageClipboardOwner + 0x9f88)\n\t0x7ffbd5278864: ole32 + 0x88864 (OleGetPackageClipboardOwner + 0x9674)\n\t0x7ffbd527c937: ole32 + 0x8c937 (DoDragDrop + 0x127)\n\t 0x645beb1d: QtGui4 + 0x8eb1d (?accept@QDragMoveEvent@@QEAAXXZ + 0xacd)\n\t 0x6456076f: QtGui4 + 0x3076f (?exec@QDrag@@QEAA?AW4DropAction@Qt@@V?$QFlags@W4DropAction@Qt@@@@W423@@Z + 0x9f)\n\t 0x645606c6: QtGui4 + 0x306c6 (?exec@QDrag@@QEAA?AW4DropAction@Qt@@V?$QFlags@W4DropAction@Qt@@@@@Z + 0x16)\n\t0x7ffb925393c5: edt_wedtq + 0x493c5 (?mouseMoveEvent@WEDTQ_NODE_VIEW@@MEAAXPEAVQMouseEvent@@@Z + 0x245)\n\t 0x64591d9f: QtGui4 + 0x61d9f (?event@QWidget@@MEAA_NPEAVQEvent@@@Z + 0xaf)\n\t 0x648b54e6: QtGui4 + 0x3854e6 (?event@QFrame@@MEAA_NPEAVQEvent@@@Z + 0x36)\n\t 0x649a87ec: QtGui4 + 0x4787ec (?viewportEvent@QAbstractItemView@@MEAA_NPEAVQEvent@@@Z + 0x4ac)\n\t0x7ffb71fc4d76: GCL_AFCQ + 0xb4d76 (?viewportEvent@AFCQ_TREE_VIEW@@MEAA_NPEAVQEvent@@@Z + 0x2b6)\n\t 0x64350552: QtCore4 + 0x110552 (?sendThroughObjectEventFilters@QCoreApplicationPrivate@@QEAA_NPEAVQObject@@PEAVQEvent@@@Z + 0x82)\n\t 0x64552f81: QtGui4 + 0x22f81 (?notify_helper@QApplicationPrivate@@QEAA_NPEAVQObject@@PEAVQEvent@@@Z + 0xe1)\n\t 0x64551b8e: QtGui4 + 0x21b8e (?notify@QApplication@@UEAA_NPEAVQObject@@PEAVQEvent@@@Z + 0x71e)\n\t 0x6434e67b: QtCore4 + 0x10e67b (?notifyInternal@QCoreApplication@@AEAA_NPEAVQObject@@PEAVQEvent@@@Z + 0x7b)\n\t 0x64555dee: QtGui4 + 0x25dee (?sendMouseEvent@QApplicationPrivate@@SA_NPEAVQWidget@@PEAVQMouseEvent@@00PEAPEAV2@AEAV?$QPointer@VQWidget@@@@_N@Z + 0x1de)\n\t 0x645b69b0: QtGui4 + 0x869b0 (?trUtf8@QScrollBar@@SA?AVQString@@PEBD0H@Z + 0x1440)\n\t 0x645ba361: QtGui4 + 0x8a361 (?winMouseButtonUp@QApplication@@SAXXZ + 0x2761)\n\t0x7ffbd423e7e7: USER32 + 0xe7e7 (CallWindowProcW + 0x3f7)\n\t0x7ffbd423e228: USER32 + 0xe228 (DispatchMessageW + 0x258)\n\t 0x64373982: QtCore4 + 0x133982 (?processEvents@QEventDispatcherWin32@@UEAA_NV?$QFlags@W4ProcessEventsFlag@QEventLoop@@@@@Z + 0x3e2)\n\t 0x645b2074: QtGui4 + 0x82074 (?openPopup@QApplicationPrivate@@QEAAXPEAVQWidget@@@Z + 0x204)\n\t 0x6434b5db: QtCore4 + 0x10b5db (?exec@QEventLoop@@QEAAHV?$QFlags@W4ProcessEventsFlag@QEventLoop@@@@@Z + 0x22b)\n\t 0x6434dbbf: QtCore4 + 0x10dbbf (?exec@QCoreApplication@@SAHXZ + 0xdf)\n\t0x7ff77b3f198b: quartus + 0x198b (?qgq_main@@YAHHPEAPEBD@Z + 0x8b)\n\t0x7ffbbf9a3258: CCL_MSG + 0x13258 (?msg_main_thread@@YAPEAXPEAX@Z + 0x18)\n\t0x7ffbbf9a4a5e: CCL_MSG + 0x14a5e (?msg_thread_wrapper@@YAPEAXP6APEAXPEAX@Z0@Z + 0x6e)\n\t0x7ffbbfb26af0: ccl_mem + 0x16af0 (?mem_thread_wrapper@@YAPEAXP6APEAXPEAX@Z0@Z + 0x70)\n\t0x7ffbbf9a2af1: CCL_MSG + 0x12af1 (?msg_exe_main@@YAHHPEAPEBDP6AHH0@Z@Z + 0xa1)\n\t0x7ff77b3f2777: quartus + 0x2777 (WinMain + 0x127)\n\t0x7ff77b3f1f40: quartus + 0x1f40 (__tmainCRTStartup + 0x148)\n\t0x7ffbd4fb7033: KERNEL32 + 0x17033 (BaseThreadInitThunk + 0x13)\n\t0x7ffbd5ee2650: ntdll + 0x52650 (RtlUserThreadStart + 0x20)\n",
		"subsystem" : "WEDTQ"
	},
	"quartus" : {
		"quartus_bits" : "64",
		"version" : "20.1.1",
		"build" : "720",
		"edition" : "Lite Edition"
	}
}