{
	"partitions" : [
		{
			"name" : "Top",
			"pins" : [
				{
					"name" : "S0",
					"strict" : false
				},
				{
					"name" : "S1",
					"strict" : false
				},
				{
					"name" : "S2",
					"strict" : false
				},
				{
					"name" : "S3",
					"strict" : false
				},
				{
					"name" : "S4",
					"strict" : false
				},
				{
					"name" : "C0",
					"strict" : false
				},
				{
					"name" : "d1",
					"strict" : false
				},
				{
					"name" : "d5",
					"strict" : false
				},
				{
					"name" : "d9",
					"strict" : false
				},
				{
					"name" : "d3",
					"strict" : false
				},
				{
					"name" : "d7",
					"strict" : false
				},
				{
					"name" : "d11",
					"strict" : false
				},
				{
					"name" : "dd1",
					"strict" : false
				},
				{
					"name" : "dd5",
					"strict" : false
				},
				{
					"name" : "dd9",
					"strict" : false
				},
				{
					"name" : "dd3",
					"strict" : false
				},
				{
					"name" : "dd7",
					"strict" : false
				},
				{
					"name" : "dd11",
					"strict" : false
				},
				{
					"name" : "d2",
					"strict" : false
				},
				{
					"name" : "d6",
					"strict" : false
				},
				{
					"name" : "d10",
					"strict" : false
				},
				{
					"name" : "dd2",
					"strict" : false
				},
				{
					"name" : "dd6",
					"strict" : false
				},
				{
					"name" : "dd10",
					"strict" : false
				},
				{
					"name" : "d4",
					"strict" : false
				},
				{
					"name" : "dd4",
					"strict" : false
				},
				{
					"name" : "d8",
					"strict" : false
				},
				{
					"name" : "dd8",
					"strict" : false
				}
			]
		}
	]
}